Id,Title,Category,Diagram,Interaction,Priority,State,Changed By,Description,Justification,Last Modified
64,Potential Data Repudiation by Host Server,Repudiation,Diagram 1,Generic Data Flow,High,Not Started,,"Host Server claims that it did not receive data from a source outside the trust boundary. Consider using logging or auditing to record the source, time, and summary of the received data.",,Generated
63,Spoofing the Host Server Process,Spoofing,Diagram 1,Generic Data Flow,High,Not Started,,Host Server may be spoofed by an attacker and this may lead to information disclosure by Local POE2 files. Consider using a standard authentication mechanism to identify the destination process.,,Generated
2,Spoofing of Source Data Store Local POE2 files,Spoofing,Diagram 1,Generic Data Flow,High,Not Started,,Local POE2 files may be spoofed by an attacker and this may lead to incorrect data delivered to Host Server. Consider using a standard authentication mechanism to identify the source data store.,,Generated
3,Cross Site Scripting,Tampering,Diagram 1,Generic Data Flow,High,Not Started,,The web server 'Host Server' could be a subject to a cross-site scripting attack because it does not sanitize untrusted input.,,Generated
4,Persistent Cross Site Scripting,Tampering,Diagram 1,Generic Data Flow,High,Not Started,,The web server 'Host Server' could be a subject to a persistent cross-site scripting attack because it does not sanitize data store 'Local POE2 files' inputs and output.,,Generated
5,Weak Access Control for a Resource,Information Disclosure,Diagram 1,Generic Data Flow,High,Not Started,,Improper data protection of Local POE2 files can allow an attacker to read information not intended for disclosure. Review authorization settings.,,Generated
6,Spoofing the POE2 Game Client External Entity,Spoofing,Diagram 1,Generic Data Flow,High,Not Started,,POE2 Game Client may be spoofed by an attacker and this may lead to unauthorized access to Host Server. Consider using a standard authentication mechanism to identify the external entity.,,Generated
7,Cross Site Scripting,Tampering,Diagram 1,Generic Data Flow,High,Not Started,,The web server 'Host Server' could be a subject to a cross-site scripting attack because it does not sanitize untrusted input.,,Generated
8,Elevation Using Impersonation,Elevation Of Privilege,Diagram 1,Generic Data Flow,High,Not Started,,Host Server may be able to impersonate the context of POE2 Game Client in order to gain additional privilege.,,Generated
15,Spoofing of Source Data Store Game Database,Spoofing,Diagram 1,Generic Data Flow,High,Not Started,,Game Database may be spoofed by an attacker and this may lead to incorrect data delivered to Host Server. Consider using a standard authentication mechanism to identify the source data store.,,Generated
16,Cross Site Scripting,Tampering,Diagram 1,Generic Data Flow,High,Not Started,,The web server 'Host Server' could be a subject to a cross-site scripting attack because it does not sanitize untrusted input.,,Generated
17,Persistent Cross Site Scripting,Tampering,Diagram 1,Generic Data Flow,High,Not Started,,The web server 'Host Server' could be a subject to a persistent cross-site scripting attack because it does not sanitize data store 'Game Database' inputs and output.,,Generated
18,Weak Access Control for a Resource,Information Disclosure,Diagram 1,Generic Data Flow,High,Not Started,,Improper data protection of Game Database can allow an attacker to read information not intended for disclosure. Review authorization settings.,,Generated
19,Spoofing of Destination Data Store Game Database,Spoofing,Diagram 1,Generic Data Flow,High,Not Started,,Game Database may be spoofed by an attacker and this may lead to data being written to the attacker's target instead of Game Database. Consider using a standard authentication mechanism to identify the destination data store.,,Generated
20,Potential SQL Injection Vulnerability for Game Database,Tampering,Diagram 1,Generic Data Flow,High,Not Started,,SQL injection is an attack in which malicious code is inserted into strings that are later passed to an instance of SQL Server for parsing and execution. Any procedure that constructs SQL statements should be reviewed for injection vulnerabilities because SQL Server will execute all syntactically valid queries that it receives. Even parameterized data can be manipulated by a skilled and determined attacker.,,Generated
21,Potential Excessive Resource Consumption for Host Server or Game Database,Denial Of Service,Diagram 1,Generic Data Flow,High,Not Started,,"Does Host Server or Game Database take explicit steps to control resource consumption? Resource consumption attacks can be hard to deal with, and there are times that it makes sense to let the OS do the job. Be careful that your resource requests don't deadlock, and that they do timeout.",,Generated
22,Spoofing of Destination Data Store Account Database,Spoofing,Diagram 1,Generic Data Flow,High,Not Started,,Account Database may be spoofed by an attacker and this may lead to data being written to the attacker's target instead of Account Database. Consider using a standard authentication mechanism to identify the destination data store.,,Generated
23,Possible SQL Injection Vulnerability for Account Database,Tampering,Diagram 1,Generic Data Flow,High,Not Started,,SQL injection is an attack in which malicious code is inserted into strings that are later passed to an instance of SQL Server for parsing and execution. Any procedure that constructs SQL statements should be reviewed for injection vulnerabilities because SQL Server will execute all syntactically valid queries that it receives. Even parameterized data can be manipulated by a skilled and determined attacker.,,Generated
30,External Entity POE2 Game Client Potentially Denies Receiving Data,Repudiation,Diagram 1,Generic Data Flow,High,Not Started,,"POE2 Game Client claims that it did not receive data from a process on the other side of the trust boundary. Consider using logging or auditing to record the source, time, and summary of the received data.",,Generated
31,Data Flow Generic Data Flow Is Potentially Interrupted,Denial Of Service,Diagram 1,Generic Data Flow,High,Not Started,,An external agent interrupts data flowing across a trust boundary in either direction.,,Generated
32,External Entity Human User Potentially Denies Receiving Data,Repudiation,Diagram 1,Generic Data Flow,High,Not Started,,"Human User claims that it did not receive data from a process on the other side of the trust boundary. Consider using logging or auditing to record the source, time, and summary of the received data.",,Generated
33,Data Flow Generic Data Flow Is Potentially Interrupted,Denial Of Service,Diagram 1,Generic Data Flow,High,Not Started,,An external agent interrupts data flowing across a trust boundary in either direction.,,Generated
69,Elevation by Changing the Execution Flow in Host Server,Elevation Of Privilege,Diagram 1,Generic Data Flow,High,Not Started,,An attacker may pass data into Host Server in order to change the flow of program execution within Host Server to the attacker's choosing.,,Generated
68,Host Server May be Subject to Elevation of Privilege Using Remote Code Execution,Elevation Of Privilege,Diagram 1,Generic Data Flow,High,Not Started,,Local POE2 files may be able to remotely execute code for Host Server.,,Generated
67,Data Store Inaccessible,Denial Of Service,Diagram 1,Generic Data Flow,High,Not Started,,An external agent prevents access to a data store on the other side of the trust boundary.,,Generated
66,Data Flow Generic Data Flow Is Potentially Interrupted,Denial Of Service,Diagram 1,Generic Data Flow,High,Not Started,,An external agent interrupts data flowing across a trust boundary in either direction.,,Generated
65,Potential Process Crash or Stop for Host Server,Denial Of Service,Diagram 1,Generic Data Flow,High,Not Started,,"Host Server crashes, halts, stops or runs slowly; in all cases violating an availability metric.",,Generated
41,External Entity Steam Potentially Denies Receiving Data,Repudiation,Diagram 1,Generic Data Flow,High,Not Started,,"Steam claims that it did not receive data from a process on the other side of the trust boundary. Consider using logging or auditing to record the source, time, and summary of the received data.",,Generated
42,Data Flow Generic Data Flow Is Potentially Interrupted,Denial Of Service,Diagram 1,Generic Data Flow,High,Not Started,,An external agent interrupts data flowing across a trust boundary in either direction.,,Generated
43,External Entity Human User Potentially Denies Receiving Data,Repudiation,Diagram 1,Generic Data Flow,High,Not Started,,"Human User claims that it did not receive data from a process on the other side of the trust boundary. Consider using logging or auditing to record the source, time, and summary of the received data.",,Generated
44,Data Flow Generic Data Flow Is Potentially Interrupted,Denial Of Service,Diagram 1,Generic Data Flow,High,Not Started,,An external agent interrupts data flowing across a trust boundary in either direction.,,Generated
45,Spoofing the Host Server Process,Spoofing,Diagram 1,Generic Data Flow,High,Not Started,,Host Server may be spoofed by an attacker and this may lead to information disclosure by POE2 Game Client. Consider using a standard authentication mechanism to identify the destination process.,,Generated
46,Potential Lack of Input Validation for Host Server,Tampering,Diagram 1,Generic Data Flow,High,Not Started,,Data flowing across Generic Data Flow may be tampered with by an attacker. This may lead to a denial of service attack against Host Server or an elevation of privilege attack against Host Server or an information disclosure by Host Server. Failure to verify that input is as expected is a root cause of a very large number of exploitable issues. Consider all paths and the way they handle data. Verify that all input is verified for correctness using an approved list input validation approach.,,Generated
47,Potential Data Repudiation by Host Server,Repudiation,Diagram 1,Generic Data Flow,High,Not Started,,"Host Server claims that it did not receive data from a source outside the trust boundary. Consider using logging or auditing to record the source, time, and summary of the received data.",,Generated
48,Data Flow Sniffing,Information Disclosure,Diagram 1,Generic Data Flow,High,Not Started,,"Data flowing across Generic Data Flow may be sniffed by an attacker. Depending on what type of data an attacker can read, it may be used to attack other parts of the system or simply be a disclosure of information leading to compliance violations. Consider encrypting the data flow.",,Generated
49,Potential Process Crash or Stop for Host Server,Denial Of Service,Diagram 1,Generic Data Flow,High,Not Started,,"Host Server crashes, halts, stops or runs slowly; in all cases violating an availability metric.",,Generated
50,Data Flow Generic Data Flow Is Potentially Interrupted,Denial Of Service,Diagram 1,Generic Data Flow,High,Not Started,,An external agent interrupts data flowing across a trust boundary in either direction.,,Generated
51,Host Server May be Subject to Elevation of Privilege Using Remote Code Execution,Elevation Of Privilege,Diagram 1,Generic Data Flow,High,Not Started,,POE2 Game Client may be able to remotely execute code for Host Server.,,Generated
52,Elevation by Changing the Execution Flow in Host Server,Elevation Of Privilege,Diagram 1,Generic Data Flow,High,Not Started,,An attacker may pass data into Host Server in order to change the flow of program execution within Host Server to the attacker's choosing.,,Generated
53,Spoofing of the POE2 Game Client External Destination Entity,Spoofing,Diagram 1,Generic Data Flow,High,Not Started,,POE2 Game Client may be spoofed by an attacker and this may lead to data being sent to the attacker's target instead of POE2 Game Client. Consider using a standard authentication mechanism to identify the external entity.,,Generated
54,External Entity POE2 Game Client Potentially Denies Receiving Data,Repudiation,Diagram 1,Generic Data Flow,High,Not Started,,"POE2 Game Client claims that it did not receive data from a process on the other side of the trust boundary. Consider using logging or auditing to record the source, time, and summary of the received data.",,Generated
55,Data Flow Generic Data Flow Is Potentially Interrupted,Denial Of Service,Diagram 1,Generic Data Flow,High,Not Started,,An external agent interrupts data flowing across a trust boundary in either direction.,,Generated
59,The Account Database Data Store Could Be Corrupted,Tampering,Diagram 1,Generic Data Flow,High,Not Started,,Data flowing across Generic Data Flow may be tampered with by an attacker. This may lead to corruption of Account Database. Ensure the integrity of the data flow to the data store.,,Generated
60,Data Store Denies Account Database Potentially Writing Data,Repudiation,Diagram 1,Generic Data Flow,High,Not Started,,"Account Database claims that it did not write data received from an entity on the other side of the trust boundary. Consider using logging or auditing to record the source, time, and summary of the received data.",,Generated
61,Data Flow Generic Data Flow Is Potentially Interrupted,Denial Of Service,Diagram 1,Generic Data Flow,High,Not Started,,An external agent interrupts data flowing across a trust boundary in either direction.,,Generated
62,Data Store Inaccessible,Denial Of Service,Diagram 1,Generic Data Flow,High,Not Started,,An external agent prevents access to a data store on the other side of the trust boundary.,,Generated
