Id,Title,Category,Diagram,Interaction,Priority,State,Changed By,Description,Justification,Last Modified
22,Spoofing of Destination Data Store Account Database,Spoofing,Diagram 1,Generic Data Flow,High,Not Started,,Account Database may be spoofed by an attacker and this may lead to data being written to the attacker's target instead of Account Database. Consider using a standard authentication mechanism to identify the destination data store.,,Generated
23,Possible SQL Injection Vulnerability for Account Database,Tampering,Diagram 1,Generic Data Flow,High,Not Started,,SQL injection is an attack in which malicious code is inserted into strings that are later passed to an instance of SQL Server for parsing and execution. Any procedure that constructs SQL statements should be reviewed for injection vulnerabilities because SQL Server will execute all syntactically valid queries that it receives. Even parameterized data can be manipulated by a skilled and determined attacker.,,Generated
59,The Account Database Data Store Could Be Corrupted,Tampering,Diagram 1,Generic Data Flow,High,Not Started,,Data flowing across Generic Data Flow may be tampered with by an attacker. This may lead to corruption of Account Database. Ensure the integrity of the data flow to the data store.,,Generated
60,Data Store Denies Account Database Potentially Writing Data,Repudiation,Diagram 1,Generic Data Flow,High,Not Started,,"Account Database claims that it did not write data received from an entity on the other side of the trust boundary. Consider using logging or auditing to record the source, time, and summary of the received data.",,Generated
